{
    "file": "wire\/modules\/Inputfield\/InputfieldEmail.module",
    "textdomain": "wire--modules--inputfield--inputfieldemail-module",
    "translations": {
        "16f09bacbf690906417db0a60cda359c": {
            "text": "Veuillez entrer une adresse de courriel valide"
        },
        "70d9be9b139893aa6c69b5e77e614311": {
            "text": "Confirmer"
        },
        "082e55a73f10496681c84231dc1c88f7": {
            "text": "Courriel"
        },
        "729be41e3a896b691a703fda562f4c98": {
            "text": "Les adresses courriels que vous avez saisies ne sont pas identiques, veuillez recommencer"
        },
        "afce6fcb2d736e43b0bf509e385d477a": {
            "text": "Confirmer l'adresse courriel ?"
        },
        "f98e5e5fd93bc01f60e2a0a30c90618a": {
            "text": "Si coch\u00e9, deux champs seront affich\u00e9s et l'utilisateur devra entrer son adresse courriel deux fois pour le confirmer. Ceci r\u00e9duit les possibilit\u00e9s de faute de frappe."
        },
        "3918809b01dd88b1c1c892aec102512b": {
            "text": "Adresses courriel en format valide"
        },
        "ce8ae9da5b7cd6c3df2929543a9af92d": {
            "text": "Courriel"
        }
    }
}