{
    "file": "wire\/modules\/Process\/ProcessLogin\/ProcessLogin.module",
    "textdomain": "wire--modules--process--processlogin--processlogin-module",
    "translations": {
        "5048eab3b6b17142d965cf9d43f6e460": {
            "text": "Vous \u00eates connect\u00e9."
        },
        "a0bfb8e59e6c13fc8d990781f77694fe": {
            "text": "Continuer"
        },
        "48649d8c2d04aa439d10bc45eaba8f75": {
            "text": "\u00c9chec de la connexion"
        },
        "f6039d44b29456b20f8f373155ae4973": {
            "text": "Nom d'utilisateur"
        },
        "dc647eb65e6711e155375218212b3964": {
            "text": "Mot de passe"
        },
        "99dea78007133396a7b8ed70578ac6ae": {
            "text": "Connexion"
        },
        "01a569ddc6cf67ddec2a683f0a5f5956": {
            "text": "Vous avez oubli\u00e9 votre mot de passe ?"
        },
        "0d5dfb1efbd4144f5e7c8d80df1d09f1": {
            "text": "Vous \u00eates d\u00e9connect\u00e9"
        },
        "1860fb17b107cbb39cf6bbfa61130803": {
            "text": "\u00c9diter le profil"
        },
        "8b10281154afa6312e3e8448c14f7134": {
            "text": "Authentification \u00e0 deux \u00e9tapes"
        },
        "c32dc189adbf7de6a1277780634d1a75": {
            "text": "Ces modules d'authentification \u00e0 deux \u00e9tapes ont \u00e9t\u00e9 trouv\u00e9s :"
        },
        "f00ee62461e9cc7a824e71feff114251": {
            "text": "L'authentification \u00e0 deux \u00e9tapes est fortement conseill\u00e9e pour ces r\u00f4les"
        },
        "ab848ea82288648eb2aabe4e9e2f4dc6": {
            "text": "Apr\u00e8s une connexion \u00e0 l'admin, ProcessWire demandera aux utilisateurs assign\u00e9s au r\u00f4le s\u00e9lectionn\u00e9 d'utiliser l'authentification \u00e0 deux \u00e9tapes pour leurs comptes."
        },
        "ab77fff843383131e8f774ba78654a91": {
            "text": "Pour configurer cela il faut d'abord installer un ou plusieurs modules d'authentification \u00e0 deux \u00e9tapes puis revenir ici."
        },
        "aef111cc10b28b4cf297865dbc1253bb": {
            "text": "Les modules d'authentification \u00e0 deux \u00e9tapes du dossier modules de ProcessWire"
        },
        "9b74fc37d2e8f56c60b51adb9cfc4b4b": {
            "text": "Non activation des v\u00e9rifications du syst\u00e8me apr\u00e8s la connexion car des mises \u00e0 jour ont \u00e9t\u00e9 appliqu\u00e9es (%s)"
        },
        "d03d931ed70198dc13af35410030754c": {
            "text": "\u00c9chec de la v\u00e9rification Javascript : veuillez activer Javascript pour vous connecter."
        },
        "355f835c4f5fd628f83983152533363c": {
            "text": "\u00c9chec de la v\u00e9rification des cookies : veuillez activer les cookies pour vous connecter."
        },
        "ce8ae9da5b7cd6c3df2929543a9af92d": {
            "text": "="
        },
        "7b27f5e583e36dc50e5648f38c65ac55": {
            "text": "Le login n'est pas g\u00e9r\u00e9 pour cet adresse email"
        },
        "fbda2a5cde5a86fc243eb050230f25a6": {
            "text": "Login invalide"
        },
        "1c315fe64c02f0dc4a605373f68d911b": {
            "text": "Nom d'utilisateur ou email"
        },
        "a1413ed049a4bed0e649c409b4462b49": {
            "text": "Type de login"
        },
        "987dce661afca3372aa3e05702fb1d06": {
            "text": "Nom d'utilisateur"
        },
        "b357b524e740bc85b9790a0712d84a30": {
            "text": "Adresse email"
        },
        "9e70a5d3dab1960c04b55a29f310331e": {
            "text": "ou"
        },
        "d619a734f94b65d5137233c7d9a8fe69": {
            "text": "Pour utiliser le login par email vous devez autoriser le param\u00e8tre \"unique\" pour le champ email"
        },
        "ef8f23f26034e25bcf827a963aa8c8b7": {
            "text": "(cliquez pour configurer)"
        },
        "cd718f93e76d48331ff1f6c8a86226a2": {
            "text": "Forcer l'authentifiaction \u00e0 deux facteurs"
        },
        "23baebcb2653b738b5e1eb8a93e3ee28": {
            "text": "Lorsqu'un module Tfa est s\u00e9lectionn\u00e9 ici, il sera activ\u00e9 automatiquement (\u00e0 la connexion) pour les utilisateurs qui n'utilisent pas l'authentification \u00e0 deux facteurs."
        },
        "2af7712565017bd05b828e1a625c7375": {
            "text": "Cochez les r\u00f4les pour forcer l'authentification \u00e0 deux facteurs, ou laissez tout d\u00e9coch\u00e9 pour forcer TOUS les r\u00f4les (quand\/si possible)."
        },
        "b88a66937b3f8fa44719aa2d7b5ea94d": {
            "text": "Autoriser les utilisateurs \u00e0 ignorer la saisie du code lorsque leur navigateur\/emplacement est m\u00e9moris\u00e9 ?"
        },
        "d6340b7e300601dbe176deca28d5e216": {
            "text": "Propose aux utilisateurs un \u00ab Se souvenir de cet ordinateur ? \u00bb sur l'\u00e9cran de saisie du code lors de la connexion."
        },
        "275269a543b575d0897e5a56d291cbf1": {
            "text": "Entrez le nombre de jours pendant lesquels le navigateur\/l'emplacement d'un utilisateur peut \u00eatre m\u00e9moris\u00e9, ou 0 pour le d\u00e9sactiver."
        },
        "37eb4d02a9ee33ced10a5ad495bc7ad8": {
            "text": "Agent utilisateur (navigateur, plate-forme et versions de chacun)"
        },
        "6b7e493b999bf8d0c92bdc3b29024968": {
            "text": "Agent utilisateur non versionn\u00e9 (navigateur et plate-forme, mais aucune version -- moins susceptible de changer souvent)"
        },
        "cff941a9aa13dfcab50294eeaa022925": {
            "text": "Accepter l'en-t\u00eate (types de contenu accept\u00e9s par le navigateur de l'utilisateur)"
        },
        "c672dab899263b4175d85bfc8cb7e101": {
            "text": "Sch\u00e9ma de requ\u00eate actuel, que ce soit HTTP ou HTTPS"
        },
        "00a49b9092610102db06e4608e243215": {
            "text": "Nom d'h\u00f4te du serveur (valeur de $config->httpHost)"
        },
        "06ed01dbecaff9408ecd32c52b79017a": {
            "text": "Adresse IP de l'utilisateur (REMOTE_ADDR)"
        },
        "3add8b73a114f103016f69709c744c6b": {
            "text": "Adresse IP transf\u00e9r\u00e9e ou cliente de l'utilisateur (HTTP_X_FORWARDED_FOR ou HTTP_CLIENT_IP)"
        },
        "4b5d3e81071a18d907f2cb045c473d68": {
            "text": "Ne pas autoriser l'utilisateur \u00e0 ignorer la saisie du code lorsque l'une de ces propri\u00e9t\u00e9s change"
        },
        "ef162e74cf4f410e781d7527ff762b2d": {
            "text": "Les modifications apport\u00e9es au mot de passe, au nom, \u00e0 l'adresse e-mail ou \u00e0 un cookie al\u00e9atoire dans le navigateur de l'utilisateur n\u00e9cessiteront toujours la saisie d'un code lors de la connexion."
        },
        "93e378bb66b2ea325b7f8af83f060341": {
            "text": "De plus, les modifications apport\u00e9es aux \u00e9l\u00e9ments coch\u00e9s ci-dessous n\u00e9cessiteront \u00e9galement la saisie d'un code lors de la connexion."
        },
        "5b83708cddebc0c2b79a0aa6a9fe3b41": {
            "text": "Ces propri\u00e9t\u00e9s forment une empreinte digitale du navigateur de l'utilisateur au-del\u00e0 du cookie al\u00e9atoire que nous avons d\u00e9fini."
        },
        "f4ccf290dcc14df62d1579062d98f413": {
            "text": "Ce param\u00e8tre s'applique uniquement lorsque l'option m\u00e9moriser le navigateur\/l'emplacement est activ\u00e9e."
        },
        "987180bcb4c386f67e0922affbf79d0b": {
            "text": "="
        },
        "2eeb1b1520e3542ede796b6245e1695a": {
            "text": "="
        },
        "eb85010d3dccc246aa17a0a4671be4a4": {
            "text": "="
        },
        "b9f5c797ebbf55adccdd8539a65a0241": {
            "text": "+"
        }
    }
}