{
    "file": "wire\/modules\/Inputfield\/InputfieldSelector\/InputfieldSelector.module",
    "textdomain": "wire--modules--inputfield--inputfieldselector--inputfieldselector-module",
    "translations": {
        "6daa35fd97a645b8e37cae080eab3de9": {
            "text": "Ajouter un champ"
        },
        "1bb628612045d3d012de22cb249f83fc": {
            "text": "Ascendant par"
        },
        "8ff3555e6aae7a100304c7b522bc350a": {
            "text": "Descendant par"
        },
        "9f9913233699a4b67524eaac55a5f973": {
            "text": "A"
        },
        "aaa93244710b294d585b015dbb9b0317": {
            "text": "N'a pas"
        },
        "a61bbf7ad0ed153cb6c84fe3c8a9f2bb": {
            "text": "Correspond"
        },
        "9c52ccb297567646df342a0413de3b02": {
            "text": "Ne correspond pas"
        },
        "78c143802119a85c9774c0459240085d": {
            "text": "Est vide"
        },
        "cbe0970a192d6df9999f4469f0854984": {
            "text": "N'est pas vide"
        },
        "278c491bdd8a53618c149c4ac790da34": {
            "text": "Mod\u00e8le"
        },
        "49ee3087348e8d44e1feda1917443987": {
            "text": "Nom"
        },
        "7acdf85c69cc3c5305456a293524386e": {
            "text": "Cach\u00e9"
        },
        "0774e163cd7df482edd2abd498189f8b": {
            "text": "Non publi\u00e9"
        },
        "d0f2e5376298c880665077b565ffd7dd": {
            "text": "Verrouill\u00e9"
        },
        "a7e253cd8dd95da3e20daf45519a8dc2": {
            "text": "Corbeille"
        },
        "a4b7f1864cfdb47cd05b54eb10337506": {
            "text": "Modifi\u00e9e le"
        },
        "b3b60b7a5e7f9977461d42a94bf2c761": {
            "text": "Cr\u00e9\u00e9e le"
        },
        "f5248dcc5755bb5124281da75c73b828": {
            "text": "Modifi\u00e9 par l'utilisateur"
        },
        "69d1da1f16cb2c86467b8ac7495acb25": {
            "text": "Cr\u00e9\u00e9e par l'utilisateur"
        },
        "631e36e8090edcdfea8b0b6dfa4f75cc": {
            "text": "Nombre d'enfants"
        },
        "e93f994f01c537c4e2f7d8528c3eb5e9": {
            "text": "Compte"
        },
        "72280ef3b155dee3c1a134b8184c08a5": {
            "text": "Chemin\/URL"
        },
        "4b9c456267783c4e40e7da4a4a61e887": {
            "text": "A un parent\/anc\u00eatre"
        },
        "d7ba791417071ac5ec60f1cea2672faf": {
            "text": "Personnalis\u00e9 (champ=valeur)"
        },
        "c0272cbdf2353b9f2810944ae048b4a1": {
            "text": "champ=valeur"
        },
        "6b46ae48421828d9973deec5fa9aa0c3": {
            "text": "Trier"
        },
        "80d2677cf518f4d04320042f4ea6c146": {
            "text": "Limite"
        },
        "f4d72a64acd8929c0cc9ed96a7a336cc": {
            "text": "Inclure"
        },
        "765c9ab816a31bfd73ee87ce63960319": {
            "text": "Cach\u00e9 + non publi\u00e9"
        },
        "b0db92ad2bbe61a11556a881e26ee82c": {
            "text": "Cach\u00e9 + non publi\u00e9 + corbeille"
        },
        "b1c94ca2fbc3e78fc30069c8d0f01680": {
            "text": "Tout"
        },
        "1a110fbdc786fe3100367f14c911a2da": {
            "text": "(%d sans limite)"
        },
        "1a2ecbf77cfe45069451c9954f74ea36": {
            "text": "Pages qui correspondent \u00e0 votre s\u00e9lecteur"
        },
        "a7dd12b1dab17d25467b0b0a4c8d4a92": {
            "text": "afficher"
        },
        "befb04e123caaa28446ca8080a5fd836": {
            "text": "Utiliser les \u00e9tiquettes de champ"
        },
        "e3e67251cebf159d3549a0a91729605d": {
            "text": "Utiliser les noms de champ"
        },
        "f0c49f49661670cb88d2fd060c4d6a68": {
            "text": "Pas coch\u00e9"
        },
        "6adf97f83acf6453d4a6a4b1070f3754": {
            "text": "Aucun"
        },
        "ad666d19888133a3cebc428f7535f2af": {
            "text": "Commencez \u00e0 \u00e9crire\u2026"
        },
        "719cb425116d7d1c8b0c62c7064aaf9b": {
            "text": "Cochez cette case pour utiliser OR au lieu de AND sur cette ligne"
        },
        "c7c76bcc877e95946d0158c1a0dd63a2": {
            "text": "Faire correspondre par ID (sous-s\u00e9lecteur)"
        },
        "1d79542121869a6161bed167902ddc79": {
            "text": "Chaque ligne du s\u00e9lecteur ci-dessus signifie : champ doit correspondre \u00e0 valeur. Cela s'appelle des conditions AND (et). Dans les cas o\u00f9 le m\u00eame champ ou valeur appara\u00eet dans plus qu'une ligne, une condition OR (ou) est possible. La pr\u00e9sence d'une case \u00e0 cocher \u00e0 la fin de chaque ligne indique cela. Cochez cette case pour utiliser la condition OR au lieu de la condition AND."
        },
        "ea66a0a3f3311a155d84ef03a56850ca": {
            "text": "Champs syst\u00e8me"
        },
        "b12aae296eaa3d0cb3191edcf8764117": {
            "text": "Champs"
        },
        "8a605787234086b5d0155715095a1c2a": {
            "text": "Sous-champs"
        },
        "997bf93bdd0a990a751b4b33749fb171": {
            "text": "Champs correspondant au m\u00eame (1) item"
        },
        "c3bd2ae49552f0fe2dd5927024fea5db": {
            "text": "Modificateurs"
        },
        "700e1502327c4e2d38cef2f7c15b2f17": {
            "text": "Ajustements"
        },
        "b077806311238aeddd99b979570eb107": {
            "text": "correspond \u00e0 %d page"
        },
        "ea4311c5f366d55a9a6e38450d3bad9f": {
            "text": "correspond \u00e0 %d pages"
        },
        "7acce3193127d4b71a6c2b140c22dc95": {
            "text": "="
        },
        "d81f0f02cd6a877358cde8fbdbad89a5": {
            "text": "="
        },
        "dab4b1ae6ff4f4a6b0ae4a2ce2601794": {
            "text": "="
        },
        "1388e1432a93282ab487548dce4847d4": {
            "text": "="
        },
        "a5dc4a847828895f72a94ab5debe5c00": {
            "text": "="
        },
        "b718adec73e04ce3ec720dd11a06a308": {
            "text": "="
        },
        "ec53a8c4f07baed5d8825072c89799be": {
            "text": "\u00c9tat"
        },
        "9a438bd942f1f19e6a641028bcfb43ff": {
            "text": "="
        },
        "4303f3a12b6405bb83d68a5438f1b6b8": {
            "text": "Date de publication"
        },
        "d0e45878043844ffc41aac437e86b602": {
            "text": "="
        },
        "d1a7ff19fe990b9467a4a64f01a09f4e": {
            "text": "="
        },
        "8449d3ddcf7322067ea68d60a3098945": {
            "text": "="
        },
        "2627637e263ef687fa978b576580b8b1": {
            "text": "Coch\u00e9"
        },
        "63bfec5d508757f781c6e3aa5ca214b6": {
            "text": "Test de s\u00e9lecteur"
        },
        "eae4975b49e9af4e0b024b1c44c7fe4f": {
            "text": "Ici seulement pour tester la fonctionnalit\u00e9 de ce champ."
        },
        "689202409e48743b914713f96d93947c": {
            "text": "Valeur"
        }
    }
}