{
    "file": "wire\/modules\/Fieldtype\/FieldtypeModule.module",
    "textdomain": "wire--modules--fieldtype--fieldtypemodule-module",
    "translations": {
        "40e27ece1fd60ce7081fd3084e866820": {
            "text": "Types de modules"
        },
        "e4b9c7449faedd6b2667e3db22d04cc1": {
            "text": "Cochez tous les types de modules qui peuvent \u00eatre s\u00e9lectionn\u00e9s dans ce champ."
        },
        "4aa842af483898d272ce5ea136a446d3": {
            "text": "Faire de ce champ une instance d'un autre module s\u00e9lectionn\u00e9 ?"
        },
        "1d4b3399eb44d29f0188147089a9fb8a": {
            "text": "Lorsque coch\u00e9, la valeur du champ sera une instance du module s\u00e9lectionn\u00e9. Autrement, la valeur du champ sera une cha\u00eene de caract\u00e8re contenant le nom de classe du module."
        },
        "bbddef2b960b6e14a0c9510c2312192e": {
            "text": "\u00c9tiquette d'options"
        },
        "a749642e2afeea63aac9d550e51abf64": {
            "text": "Type d'entr\u00e9e"
        },
        "e0626222614bdee31951d84c64e5e9ff": {
            "text": "Menu d\u00e9roulant"
        },
        "d5a4c326398e96cdf97b6d4a3cc300c1": {
            "text": "Boutons radio"
        },
        "6adf97f83acf6453d4a6a4b1070f3754": {
            "text": "Aucun"
        },
        "b78a3223503896721cca1303f776159b": {
            "text": "Titre"
        },
        "3d0e52e8f34a293de17317f094e676b6": {
            "text": "Titre et r\u00e9sum\u00e9"
        },
        "daf361912b4d4260a6a0c3dc31a60312": {
            "text": "Montrer une option \"Aucune\" ?"
        },
        "1177fb816ddc2935c2a8bc55d22b93b1": {
            "text": "Type de valeur vide"
        },
        "49ee3087348e8d44e1feda1917443987": {
            "text": "+"
        }
    }
}