{
    "file": "wire\/modules\/Inputfield\/InputfieldImage\/config.php",
    "textdomain": "wire--modules--inputfield--inputfieldimage--config-php",
    "translations": {
        "fefc3e3c3400216f77f0b3c6b12adfb7": {
            "text": "Caract\u00e9ristiques du champ"
        },
        "34ad9feb46d0ae8a8ab105230c7e5e1a": {
            "text": "Mode par d\u00e9faut de la grille d'images"
        },
        "c53c009277b900e7292c4b49f07ddaec": {
            "text": "Dans l'admin, la liste d'images appara\u00eetra avec cet aspect par d\u00e9faut. L'utilisateur peut en changer quand il le veut en cliquant sur les ic\u00f4nes en haut \u00e0 droit du champ"
        },
        "e6c7b90087278c53b5361182358a2d92": {
            "text": "Si vous avez utilis\u00e9 ce champ d'images r\u00e9cemment, vous devez supprimer vos cookies pour constater les changements de param\u00e8tres."
        },
        "a188c29fb8020eee47113073e366f78e": {
            "text": "Grille d'images carr\u00e9es"
        },
        "06d5ddb736061086ad90f364eca1c56d": {
            "text": "Grille d'images proportionnelle"
        },
        "fa996d5ac4351e7e603f3ab1b9f77afe": {
            "text": "Liste verticale (verbeuse)"
        },
        "e0f4085735da81540154c2c351147301": {
            "text": "S\u00e9lection du point de focus"
        },
        "f6a9e8b3977d98dd0e4b7b13720c858b": {
            "text": "Active un point de focus d\u00e9pla\u00e7able pour s\u00e9lectionner le sujet d'une image. Utiles pour g\u00e9n\u00e9rer des recadrages non proportionnels"
        }
    }
}