{
    "file": "wire\/core\/LanguageFunctions.php",
    "textdomain": "wire--core--languagefunctions-php",
    "translations": {
        "fb5bc6b1ef6713a60dc29d381c94f0c0": {
            "text": "C'est du texte traduisible"
        },
        "d1346524ac7f6fe232016c077a9fc6ec": {
            "text": "Cliquer pour plus d'informations"
        },
        "59e4da1ec2723e6d05ec5feeaf7f7924": {
            "text": "Cliquer pour plus d'informations"
        },
        "5fc84d0317482d09f3ddd893414e51dd": {
            "text": "Un item trouv\u00e9"
        },
        "b676034ffa6131761ecc1b8e151c44ef": {
            "text": "Plusieurs items trouv\u00e9s"
        },
        "a91d611a962e2baf78e47b720f43bfdd": {
            "text": "%d items trouv\u00e9s"
        },
        "1cb251ec0d568de6a929b520c4aed8d1": {
            "text": "texte"
        },
        "83378236d008605772b0b7ad762cfad4": {
            "text": "Vous \u00eates en train de lire la page %s"
        },
        "f49588184356b1846ce48469ae3843ac": {
            "text": "L'ID actuel de la page est %d"
        },
        "e1fe2670bb21367812b567146e61221d": {
            "text": "On est le %1$s et il est %2$s"
        },
        "355e4477dc80f629e33f018fac3d9836": {
            "text": "Bienvenu !"
        },
        "eadea3a747e3696d7959fb28d1d18230": {
            "text": "Rechercher"
        },
        "e0e5bd63c9d415c7fb84eecaa74c78fc": {
            "text": "Nouveau texte"
        },
        "777005300b355c69534803c6407f99e7": {
            "text": "="
        },
        "fbe3c412d3a00ee92f603be1b42465d5": {
            "text": "="
        }
    }
}