{
    "file": "wire\/modules\/Process\/ProcessLogin\/ProcessLogin.module",
    "textdomain": "wire--modules--process--processlogin--processlogin-module",
    "translations": {
        "5048eab3b6b17142d965cf9d43f6e460": {
            "text": "Vous \u00eates connect\u00e9."
        },
        "a0bfb8e59e6c13fc8d990781f77694fe": {
            "text": "Continuer"
        },
        "48649d8c2d04aa439d10bc45eaba8f75": {
            "text": "\u00c9chec de la connexion"
        },
        "f6039d44b29456b20f8f373155ae4973": {
            "text": "Nom d'utilisateur"
        },
        "dc647eb65e6711e155375218212b3964": {
            "text": "Mot de passe"
        },
        "99dea78007133396a7b8ed70578ac6ae": {
            "text": "Connexion"
        },
        "01a569ddc6cf67ddec2a683f0a5f5956": {
            "text": "Vous avez oubli\u00e9 votre mot de passe ?"
        },
        "0d5dfb1efbd4144f5e7c8d80df1d09f1": {
            "text": "Vous \u00eates d\u00e9connect\u00e9"
        },
        "1860fb17b107cbb39cf6bbfa61130803": {
            "text": "\u00c9diter le profil"
        },
        "8b10281154afa6312e3e8448c14f7134": {
            "text": "Authentification \u00e0 deux \u00e9tapes"
        },
        "c32dc189adbf7de6a1277780634d1a75": {
            "text": "Ces modules d'authentification \u00e0 deux \u00e9tapes ont \u00e9t\u00e9 trouv\u00e9s :"
        },
        "f00ee62461e9cc7a824e71feff114251": {
            "text": "L'authentification \u00e0 deux \u00e9tapes est fortement conseill\u00e9e pour ces r\u00f4les"
        },
        "ab848ea82288648eb2aabe4e9e2f4dc6": {
            "text": "Apr\u00e8s une connexion \u00e0 l'admin, ProcessWire demandera aux utilisateurs assign\u00e9s au r\u00f4le s\u00e9lectionn\u00e9 d'utiliser l'authentification \u00e0 deux \u00e9tapes pour leurs comptes."
        },
        "ab77fff843383131e8f774ba78654a91": {
            "text": "Pour configurer cela il faut d'abord installer un ou plusieurs modules d'authentification \u00e0 deux \u00e9tapes puis revenir ici."
        },
        "aef111cc10b28b4cf297865dbc1253bb": {
            "text": "Les modules d'authentification \u00e0 deux \u00e9tapes du dossier modules de ProcessWire"
        },
        "9b74fc37d2e8f56c60b51adb9cfc4b4b": {
            "text": "Non activation des v\u00e9rifications du syst\u00e8me apr\u00e8s la connexion car des mises \u00e0 jour ont \u00e9t\u00e9 appliqu\u00e9es (%s)"
        },
        "d03d931ed70198dc13af35410030754c": {
            "text": "\u00c9chec de la v\u00e9rification Javascript : veuillez activer Javascript pour vous connecter."
        },
        "355f835c4f5fd628f83983152533363c": {
            "text": "\u00c9chec de la v\u00e9rification des cookies : veuillez activer les cookies pour vous connecter."
        },
        "ce8ae9da5b7cd6c3df2929543a9af92d": {
            "text": "="
        },
        "7b27f5e583e36dc50e5648f38c65ac55": {
            "text": "Le login n'est pas g\u00e9r\u00e9 pour cet adresse email"
        },
        "fbda2a5cde5a86fc243eb050230f25a6": {
            "text": "Login invalide"
        },
        "1c315fe64c02f0dc4a605373f68d911b": {
            "text": "Nom d'utilisateur ou email"
        },
        "a1413ed049a4bed0e649c409b4462b49": {
            "text": "Type de login"
        },
        "987dce661afca3372aa3e05702fb1d06": {
            "text": "Nom d'utilisateur"
        },
        "b357b524e740bc85b9790a0712d84a30": {
            "text": "Adresse email"
        },
        "9e70a5d3dab1960c04b55a29f310331e": {
            "text": "ou"
        },
        "d619a734f94b65d5137233c7d9a8fe69": {
            "text": "Pour utiliser le login par email vous devez autoriser le param\u00e8tre \"unique\" pour le champ email"
        },
        "ef8f23f26034e25bcf827a963aa8c8b7": {
            "text": "(cliquez pour configurer)"
        },
        "cd718f93e76d48331ff1f6c8a86226a2": {
            "text": "Forcer l'authentifiaction \u00e0 deux facteurs"
        }
    }
}