{
    "file": "wire\/modules\/PagePaths.module",
    "textdomain": "wire--modules--pagepaths-module",
    "translations": {
        "d6fee4e5741568290c0f4c4edc81f70f": {
            "text": "%d chemin mis \u00e0 jour"
        },
        "b198072961bf47ed9c790c1006f98372": {
            "text": "%d chemins mis \u00e0 jour"
        },
        "0e620fb070fcc5279681b61f5720fb6e": {
            "text": "Veuillez d\u00e9sinstaller le Noyau > Page Paths (module) : il n'est pas compatible avec LanguageSupportPageNames."
        }
    }
}