{
    "file": "wire\/modules\/Fieldtype\/FieldtypeRepeater\/InputfieldRepeater.module",
    "textdomain": "wire--modules--fieldtype--fieldtyperepeater--inputfieldrepeater-module",
    "translations": {
        "f2a6c498fb90ee345d997f888fce3b18": {
            "text": "Supprimer"
        },
        "6b46ae48421828d9973deec5fa9aa0c3": {
            "text": "Trier"
        },
        "03c2e7e41ffc181a4e84080b4710e81e": {
            "text": "Nouveau"
        },
        "7264d8c26ac9671a31cd3eb3ddd4a447": {
            "text": "Cet \u00e9l\u00e9ment deviendra \u00e9ditable apr\u00e8s l'enregistrement de la page."
        },
        "25c63396ad92c7bbb48fa4aa21adc5e4": {
            "text": "R\u00e9p\u00e8te les champs d'un autre mod\u00e8le. Procure les entr\u00e9es pour FieldtypeRepeater."
        },
        "d3b3350cb648f345b0a21a048df0cf45": {
            "text": "Repeater | R\u00e9p\u00e9teur"
        },
        "de9ced9bf5e9829de4a93ad8c9d7a170": {
            "text": "Nouveau"
        },
        "84b9f1e68847c185ca36db3bc2f8de18": {
            "text": "Click pour supprimer cet item, ou double-click pour les supprimer tous"
        },
        "9a04ad51e71ca7e14841c880abe89a44": {
            "text": "Supprimer tous les items ?"
        },
        "675056ad1441b6375b2c5abd48c27ef1": {
            "text": "Profondeur"
        },
        "4ee8d3067ffde7991e2c009f775ceb75": {
            "text": "Attention : seul le premier %d item(s) sera utilis\u00e9."
        },
        "44a3084a1ce251fb76ba7fe540a18863": {
            "text": "Cette action est d\u00e9sactiv\u00e9e par les r\u00e9glages min et\/ou max des items."
        },
        "485c9b5a61ede20a8ccc332f120da1f9": {
            "text": "Click pour basculer l\u2019item en on\/off, ou double-click pour ouvrir\/fermer tous les item"
        },
        "60f5703a75c6e7fa21be4247f0626dfb": {
            "text": "Cloner cet item ?"
        },
        "b5fab487adaf66b676d31b8fd16af85b": {
            "text": "Ouvrir tous les items ?"
        },
        "d7280b1cbbae6481f050a9184b8fa445": {
            "text": "Fermer tous les item ?"
        },
        "be3fb8f18ddcd8f47b92e020f1474b1b": {
            "text": "Erreurs dans l'item \"%s\" %d"
        },
        "2ca001ee3992ee08c53099d65cbde4eb": {
            "text": "Afficher les param\u00e8tres ?"
        }
    }
}