{
    "file": "wire\/modules\/AdminTheme\/AdminThemeUikit\/_sidenav-masthead.php",
    "textdomain": "wire--modules--admintheme--adminthemeuikit--_sidenav-masthead-php",
    "translations": {
        "a603905470e2a5b8c13e96b579ef0dba": {
            "text": "D\u00e9boggage"
        },
        "bdb2999f28589aad2b040c21930c86dc": {
            "text": "Barre lat\u00e9rale de navigation"
        },
        "abba6550796b8befa890c581127fd644": {
            "text": "Barre lat\u00e9rale d'arborescence"
        }
    }
}