{
    "file": "wire\/modules\/Process\/ProcessCommentsManager\/ProcessCommentsManager.module",
    "textdomain": "wire--modules--process--processcommentsmanager--processcommentsmanager-module",
    "translations": {
        "98a0736c51255f757cf109bccfa1d7e2": {
            "text": "Il n'y a aucun champ de commentaire install\u00e9"
        },
        "adf240c38c161d42244e9eb21f515ba2": {
            "text": "Veuillez s\u00e9lectionner un champ commentaire"
        },
        "9f97f1e4ae9c77faa2f4d30bb84dd69b": {
            "text": "Aucun champ de commentaire d\u00e9fini pour l'URL"
        },
        "4f85d037300d5f7efcf7fdc3f973db7f": {
            "text": "Champ non reconnu"
        },
        "6a65e2235642194467bf83001d23639d": {
            "text": "R\u00e9ponses \u00e0"
        },
        "301fdff99e595b9e55d94b9b51b24277": {
            "text": "Commentaire #%d supprim\u00e9"
        },
        "9ee770091bc28969ca49eb8b60826002": {
            "text": "Commentaire #%d mis \u00e0 jour"
        },
        "de95b43bceeb4b998aed4aed5cef1ae7": {
            "text": "\u00e9diter"
        },
        "4dfbb099eafd3c82e033bf92946d3ce6": {
            "text": "Courriel"
        },
        "b1c94ca2fbc3e78fc30069c8d0f01680": {
            "text": "Tous"
        },
        "aa55eeb3bfe951eb9d56e8a919d80781": {
            "text": "de %d"
        },
        "30f29dc6505d24512de6f3189a5bda62": {
            "text": "Aucun \u00e0 afficher"
        },
        "6f8063417ab31f38d864c28302f3de2f": {
            "text": "Approuv\u00e9"
        },
        "2d13df6f8b5e4c5af9f87e0dc39df69d": {
            "text": "En attente"
        },
        "43ffce869929998c02ec3de3dd218d03": {
            "text": "%d r\u00e9ponse"
        },
        "af617b357692e5cded9ff1dd859080b3": {
            "text": "%d r\u00e9ponses"
        },
        "b718adec73e04ce3ec720dd11a06a308": {
            "text": "="
        },
        "193cfc9be3b995831c6af2fea6650e60": {
            "text": "="
        },
        "6f9e04c43332fd4945f2c933c8eea611": {
            "text": "Citer"
        },
        "c6e190b284633c48e39e55049da3cce8": {
            "text": "="
        },
        "d37c550d781bfb93b0088a2470598bcf": {
            "text": "\u00c9toiles"
        },
        "e9dfd31cc505d51fc26975250750deab": {
            "text": "="
        },
        "f2a6c498fb90ee345d997f888fce3b18": {
            "text": "Supprimer"
        },
        "2eaf1946befd8d1cec85046ac88324e3": {
            "text": "d\/m\/Y g:i"
        },
        "ec53a8c4f07baed5d8825072c89799be": {
            "text": "Statut"
        },
        "d442d63d91aee0c27fffe480c591f6d8": {
            "text": "D\u00e9finir un statut"
        },
        "4f5d5f295ddc8fd8673e74dd5fbe114a": {
            "text": "par page"
        },
        "1ef29a5a234edee09d7e54a321740181": {
            "text": "Tout cocher\/d\u00e9cocher"
        },
        "67148361142da466e462aed78d201888": {
            "text": "Il n'y a pas d'items coch\u00e9s"
        },
        "a46e2270222c49988714ec7916109fc4": {
            "text": "Actions (items coch\u00e9s)"
        },
        "e8eaf777c8e1f5b4e219d2e79cfd755f": {
            "text": "Remettre \u00e0 z\u00e9ro : Votes pour"
        },
        "cf2dd3571dc6f61216f9f14785d7e227": {
            "text": "Remettre \u00e0 z\u00e9ro : Votes contre"
        },
        "dec8ba3ab6e0a24199eb5b6c43a9c846": {
            "text": "Date (nouveau-ancien)"
        },
        "33abd1fd65941eb346da43ae77afbbb0": {
            "text": "Date (ancien-nouveau)"
        },
        "ff138d55cfc1cb9ad05eff795e830b6c": {
            "text": "\u00c9toiles (haut-bas)"
        },
        "5a4745441b4ca1eaecd9d27664d7a667": {
            "text": "\u00c9toiles (bas-haut)"
        },
        "63e90287fd383e2e42e4778c0e9d7a71": {
            "text": "Votes pour"
        },
        "b45352aeca3646b5fb15baa385d44224": {
            "text": "Votes contre"
        },
        "a4c295f303bd3ad4c69344a18dc68420": {
            "text": "Tri :"
        },
        "eee1a3d85e91b9944c98c7558f706b27": {
            "text": "Vous avez des changements non enregistr\u00e9s !"
        },
        "8413c683b4b27cc3f4dbd4c90329d8ba": {
            "text": "Commentaires"
        },
        "37128d5a4c6200152c60cd46c829d635": {
            "text": "G\u00e9rer les commentaires de votre site hors de l'\u00e9diteur de page."
        },
        "8c3560971347019d5f97199e943831f0": {
            "text": "="
        },
        "15422d54ec0d47000dc86a9820a5237e": {
            "text": "Mis en avant"
        }
    }
}