{
    "file": "wire\/modules\/Fieldtype\/FieldtypeComments\/InputfieldCommentsAdmin.module",
    "textdomain": "wire--modules--fieldtype--fieldtypecomments--inputfieldcommentsadmin-module",
    "translations": {
        "f2a6c498fb90ee345d997f888fce3b18": {
            "text": "Supprimer"
        },
        "5150f466372999feb1c31b868e087dfc": {
            "text": "Le spam est automatiquement supprim\u00e9 apr\u00e8s la p\u00e9riode de temps d\u00e9finie dans la configuration du champ."
        },
        "193a4762fa2301d6e5d9fac2730dbe71": {
            "text": "Cet \u00e9l\u00e9ment est en attente d'approbation ou de suppression."
        },
        "95742f3daaebcf075ad53961b11fc0dd": {
            "text": "Commentaire #%1$d publi\u00e9 le %2$s par %3$s"
        },
        "6f9e04c43332fd4945f2c933c8eea611": {
            "text": "Citation"
        },
        "082e55a73f10496681c84231dc1c88f7": {
            "text": "Courriel"
        },
        "15bbb9d0bbf25e8d2978de1168c749dc": {
            "text": "Site web"
        },
        "9dffbf69ffba8bc38bc4e01abf4b1675": {
            "text": "Texte"
        },
        "ece9015e4facb7c419ce80abecfd6852": {
            "text": "Il n'y a actuellement aucun \u00e9l\u00e9ment \u00e0 afficher."
        },
        "dea78eecface40ce1489d1acdc31eae4": {
            "text": "Commentaire #%d supprim\u00e9"
        },
        "58b6f822b062991647cf2e70b0140352": {
            "text": "Mis \u00e0 jour %s pour le commentaire #%d"
        },
        "9e1775dd11710f1858dc1f9c21174ec8": {
            "text": "Procure une interface d'administration pour travailler avec les commentaires"
        },
        "a12b241da69948907eecb3786cedc5a3": {
            "text": "Approuv\u00e9"
        },
        "af4a8ef24b938b7857109b49e38c8969": {
            "text": "En attente"
        },
        "97154f7c3d4195084cbcb58bc5357c7a": {
            "text": "Commentaire #%d (%s)"
        },
        "077821dbbc7b778e3fccdb71e1f8cda3": {
            "text": "Tous les nouveaux commentaires"
        },
        "a2c889314eecccf6704dd2427f12b478": {
            "text": "R\u00e9ponses seulement"
        },
        "88559a0cfd8250c9d65970cc145c92d4": {
            "text": "D\u00e9sactiv\u00e9"
        },
        "ec53a8c4f07baed5d8825072c89799be": {
            "text": "\u00c9tat"
        },
        "84c4dfc8fccf9350a9610e366ae769a5": {
            "text": "R\u00e9pondre \u00e0"
        },
        "8922ee2d287d6d1cad3fd33f6341f512": {
            "text": "Notifications par courriel :"
        },
        "4da50726e74180c03ab1cfe637bb590b": {
            "text": "Administration des commentaires"
        },
        "d37c550d781bfb93b0088a2470598bcf": {
            "text": "\u00c9toiles"
        },
        "39ef1e97d0b7fa0510cd93cd5f2cf99b": {
            "text": "="
        },
        "0cdfb8480c1dfe5241c042249c4d9fae": {
            "text": "Mis en avant"
        }
    }
}