{
    "file": "wire\/modules\/Fieldtype\/FieldtypeFloat.module",
    "textdomain": "wire--modules--fieldtype--fieldtypefloat-module",
    "translations": {
        "211efcb1aa9b0567969d0ce5a18d850c": {
            "text": "Nombre de d\u00e9cimales auxquelles arrondir"
        },
        "22ae0e2b89e5e3d477f988cc36d3272b": {
            "text": "Float | Nb en virgule flottante"
        },
        "21ddca6ecb798f48a109c2289ff413ec": {
            "text": "Champ stockant un nombre avec d\u00e9cimales (avec un point \u00e0 l'anglaise)"
        }
    }
}