{
    "file": "wire\/modules\/Fieldtype\/FieldtypeText.module",
    "textdomain": "wire--modules--fieldtype--fieldtypetext-module",
    "translations": {
        "ed0f8be4615cf14dc76c1bb2629edf41": {
            "text": "Pour les champs de texte ne contenant aucun HTML ou balises, nous recommandons de s\u00e9lectionner **Encodeur d'entit\u00e9s HTML** ci-dessus."
        },
        "d8519baaabde7d5b04b001afff86b1c9": {
            "text": "Param\u00e8tres du texte"
        },
        "41d534244071f567ec8887353f125f86": {
            "text": "Formateurs de texte"
        }
    }
}