{
    "file": "wire\/modules\/Process\/ProcessModule\/ProcessModuleInstall.php",
    "textdomain": "wire--modules--process--processmodule--processmoduleinstall-php",
    "translations": {
        "ccb108ad977122d69f8bbc7758997ff2": {
            "text": "Assurez-vous que le r\u00e9pertoire \/site\/assets\/cache\/ est en acc\u00e8s \u00e9criture pour PHP."
        },
        "cfe1ee62b0efc597562d0b78c5196d47": {
            "text": "Assurez-vous que le r\u00e9pertoire de modules du site (\/site\/modules\/) est en acc\u00e8s \u00e9criture pour PHP."
        },
        "34484ec9b680d2670f6c0d0a6ea5cb5a": {
            "text": "La classe ZipArchive est requise et votre installation de PHP ne semble pas l'avoir."
        },
        "af32834e6517e929e3993eb018b46ac0": {
            "text": "Impossible de trouver quelconque fichiers de modules"
        },
        "2a3cd9a18eaf3b274b4fa40068fff003": {
            "text": "Fichiers copi\u00e9s avec succ\u00e8s vers un nouveau r\u00e9pertoire :"
        },
        "5bb84f541cde4c248e5f6f58ae92c49e": {
            "text": "Incapable de copier les fichiers vers un nouveau r\u00e9pertoire :"
        },
        "5a3527463defe3c1e1ab721c4942f331": {
            "text": "Incapable de cr\u00e9er le r\u00e9pertoire :"
        },
        "a7e401f040fc37065b5d7a8b01e5a592": {
            "text": "Incapable de copier les fichiers du module :"
        },
        "82d70ccfc2a2e0bb66507a3f90c4690e": {
            "text": "Pas \u00e9t\u00e9 en mesure de supprimer le r\u00e9pertoire de module ayant \u00e9chou\u00e9 :"
        },
        "04abd66e622f247f079329fcbc51b97c": {
            "text": "Veuillez notez que %s \u00e9tait un lien symbolique et qu'il a \u00e9t\u00e9 converti en r\u00e9pertoire r\u00e9gulier"
        },
        "0e30f791217cbeee87323db58731e58f": {
            "text": "%s existant mis en copie de sauvegarde"
        },
        "34e8dc0a73d373618c591be38800cd3c": {
            "text": "Copie de sauvegarde restaur\u00e9e pour %s"
        },
        "21b1483780050057a84adbf35ec57c05": {
            "text": "Incapable de compl\u00e9ter l'upload"
        },
        "e7df9a3e1460bdfcaabe5b2e451a6594": {
            "text": "Aucun upload trouv\u00e9"
        },
        "a4e29333ef852fef776eecdb5b3ac6a1": {
            "text": "L'URL de t\u00e9l\u00e9chargement d\u00e9clar\u00e9e est invalide"
        },
        "e830879e542fd52ca82f599ce41b6668": {
            "text": "Archive ZIP t\u00e9l\u00e9charg\u00e9e : %s (%d octets)"
        },
        "38933d5ecc7b9e5ac7859a9b6a1de7eb": {
            "text": "Installation du module option \u201c%s\u201d"
        },
        "5fcb2e65954f268db4a5e500f8187817": {
            "text": "\u00e0 toujours activer"
        },
        "5e13c331fbe3baf04626f93b56d7fb30": {
            "text": "temporairement"
        },
        "a1af683d99a3a6a621a2c27ec9e468fb": {
            "text": "activer en mode debug uniquement"
        },
        "060aa54c407428fd1b33c89d00abb0db": {
            "text": "Pour activer, editer le fichier %1$s et sp\u00e9cifier: %2$s \u2026ou\u2026 %3$s"
        },
        "7c67236ffb79ce4bb59a4ec3b5a3de0e": {
            "text": "Cette option d'installation n'est disponible qu'en mode debug"
        },
        "3d32978a99cfd1c17aa9effcace86b1c": {
            "text": "Cette option d'installation est d\u00e9sactiver actuellement"
        },
        "d83612969f53282acff312397c6d8fa8": {
            "text": "Extrait(s) : %s"
        },
        "43b2e82a51daa1adee20374e35b3caa9": {
            "text": "Fichier %d extrait"
        },
        "aeb9dc1c219e430958416b2390306776": {
            "text": "Fichiers %d extraits"
        }
    }
}