{
    "file": "wire\/modules\/PageRender.module",
    "textdomain": "wire--modules--pagerender-module",
    "translations": {
        "af4137a5254dfe8654d87ff05286b80e": {
            "text": "Fichier de cache vid\u00e9 :"
        },
        "3a160df105e3d9d54575466354bdd312": {
            "text": "Rendu de page"
        },
        "d2c5ea4202c4c692852b7e10fbceabd3": {
            "text": "Ajoute une m\u00e9thode render \u00e0 Page et met en cache l'output."
        },
        "403c89515b16b3417cd2e426612b4a53": {
            "text": "Vid\u00e9 %d fichiers de cache pour %d pages"
        },
        "0c22fad509c478c3442a310a7a2b2c52": {
            "text": "Vider la cache de rendu de page ?"
        },
        "b4999a543edcfefc8c56ed6eafdcb98f": {
            "text": "Il y a actuellement %d pages cach\u00e9es dans %s"
        },
        "22a38306ce7556a0a5eeebca65cd9b58": {
            "text": "Cache de page expir\u00e9e pour l'ensemble du site"
        },
        "b091c65f589c970f6084669796efb995": {
            "text": "Ficher de cache vid\u00e9: %s"
        },
        "f3fbe32b9b2f8a4b6b3eecc5084e999c": {
            "text": "Vid\u00e9 le fichier de cache de %d page(s)"
        }
    }
}